{
                   "Altitude": {
                                          "FC3_ALTITUDE": {
                                                                  "category": "Altitude",
                                                              "control_type": "display",
                                                               "description": "Altitude",
                                                                "identifier": "FC3_ALTITUDE",
                                                                    "inputs": [  ],
                                                                   "outputs": [ {
                                                                                             "address": 24576,
                                                                                  "address_identifier": "FC3_FC3_ALTITUDE_A",
                                                                                         "description": "Altitude",
                                                                                          "max_length": 6,
                                                                                              "suffix": "",
                                                                                                "type": "string"
                                                                              } ]
                                                          },
                                   "FC3_ALTITUDE_GROUND": {
                                                                  "category": "Altitude",
                                                              "control_type": "display",
                                                               "description": "Altitude above Ground",
                                                                "identifier": "FC3_ALTITUDE_GROUND",
                                                                    "inputs": [  ],
                                                                   "outputs": [ {
                                                                                             "address": 24582,
                                                                                  "address_identifier": "FC3_FC3_ALTITUDE_GROUND_A",
                                                                                         "description": "Altitude above Ground",
                                                                                          "max_length": 6,
                                                                                              "suffix": "",
                                                                                                "type": "string"
                                                                              } ]
                                                          },
                                      "FC3_ALTITUDE_SEA": {
                                                                  "category": "Altitude",
                                                              "control_type": "display",
                                                               "description": "Altitude above Sea Level",
                                                                "identifier": "FC3_ALTITUDE_SEA",
                                                                    "inputs": [  ],
                                                                   "outputs": [ {
                                                                                             "address": 24588,
                                                                                  "address_identifier": "FC3_FC3_ALTITUDE_SEA_A",
                                                                                         "description": "Altitude above Sea Level",
                                                                                          "max_length": 6,
                                                                                              "suffix": "",
                                                                                                "type": "string"
                                                                              } ]
                                                          },
                                    "FC3_RADAR_ALTITUDE": {
                                                                  "category": "Altitude",
                                                              "control_type": "metadata",
                                                               "description": "Radar Altitude",
                                                                "identifier": "FC3_RADAR_ALTITUDE",
                                                                    "inputs": [  ],
                                                                   "outputs": [ {
                                                                                                        "address": 24602,
                                                                                  "address_mask_shift_identifier": "FC3_FC3_RADAR_ALTITUDE",
                                                                                                    "description": "Radar Altitude",
                                                                                                           "mask": 768,
                                                                                                      "max_value": 3,
                                                                                                       "shift_by": 8,
                                                                                                         "suffix": "",
                                                                                                           "type": "integer"
                                                                              } ]
                                                          }
                               },
                        "Bar": {
                                     "FC3_FUEL_BAR": {
                                                             "category": "Bar",
                                                         "control_type": "metadata",
                                                          "description": "Fuel Bar",
                                                           "identifier": "FC3_FUEL_BAR",
                                                               "inputs": [  ],
                                                              "outputs": [ {
                                                                                                   "address": 24602,
                                                                             "address_mask_shift_identifier": "FC3_FC3_FUEL_BAR",
                                                                                               "description": "Fuel Bar",
                                                                                                      "mask": 63488,
                                                                                                 "max_value": 16,
                                                                                                  "shift_by": 11,
                                                                                                    "suffix": "",
                                                                                                      "type": "integer"
                                                                         } ]
                                                     },
                                   "FC3_G_LOAD_BAR": {
                                                             "category": "Bar",
                                                         "control_type": "metadata",
                                                          "description": "G Load Bar",
                                                           "identifier": "FC3_G_LOAD_BAR",
                                                               "inputs": [  ],
                                                              "outputs": [ {
                                                                                                   "address": 24622,
                                                                             "address_mask_shift_identifier": "FC3_FC3_G_LOAD_BAR",
                                                                                               "description": "G Load Bar",
                                                                                                      "mask": 7936,
                                                                                                 "max_value": 16,
                                                                                                  "shift_by": 8,
                                                                                                    "suffix": "",
                                                                                                      "type": "integer"
                                                                         } ]
                                                     },
                                      "FC3_VVI_BAR": {
                                                             "category": "Bar",
                                                         "control_type": "metadata",
                                                          "description": "Vertical Velocity Bar",
                                                           "identifier": "FC3_VVI_BAR",
                                                               "inputs": [  ],
                                                              "outputs": [ {
                                                                                                   "address": 24626,
                                                                             "address_mask_shift_identifier": "FC3_FC3_VVI_BAR",
                                                                                               "description": "Vertical Velocity Bar",
                                                                                                      "mask": 7936,
                                                                                                 "max_value": 16,
                                                                                                  "shift_by": 8,
                                                                                                    "suffix": "",
                                                                                                      "type": "integer"
                                                                         } ]
                                                     }
                               },
            "Countermeasures": {
                                   "FC3_CHAFF": {
                                                        "category": "Countermeasures",
                                                    "control_type": "display",
                                                     "description": "Chaff Counter",
                                                      "identifier": "FC3_CHAFF",
                                                          "inputs": [  ],
                                                         "outputs": [ {
                                                                                   "address": 24676,
                                                                        "address_identifier": "FC3_FC3_CHAFF_A",
                                                                               "description": "Chaff Counter",
                                                                                "max_length": 3,
                                                                                    "suffix": "",
                                                                                      "type": "string"
                                                                    } ]
                                                },
                                   "FC3_FLARE": {
                                                        "category": "Countermeasures",
                                                    "control_type": "display",
                                                     "description": "Flare Counter",
                                                      "identifier": "FC3_FLARE",
                                                          "inputs": [  ],
                                                         "outputs": [ {
                                                                                   "address": 24680,
                                                                        "address_identifier": "FC3_FC3_FLARE_A",
                                                                               "description": "Flare Counter",
                                                                                "max_length": 3,
                                                                                    "suffix": "",
                                                                                      "type": "string"
                                                                    } ]
                                                }
                               },
                     "Engine": {
                                     "FC3_FUEL_ALL": {
                                                             "category": "Engine",
                                                         "control_type": "display",
                                                          "description": "Fuel Remaining",
                                                           "identifier": "FC3_FUEL_ALL",
                                                               "inputs": [  ],
                                                              "outputs": [ {
                                                                                        "address": 24598,
                                                                             "address_identifier": "FC3_FC3_FUEL_ALL_A",
                                                                                    "description": "Fuel Remaining",
                                                                                     "max_length": 5,
                                                                                         "suffix": "",
                                                                                           "type": "string"
                                                                         } ]
                                                     },
                                   "FC3_FUEL_CON_L": {
                                                             "category": "Engine",
                                                         "control_type": "display",
                                                          "description": "Fuel Consumption Left Engine",
                                                           "identifier": "FC3_FUEL_CON_L",
                                                               "inputs": [  ],
                                                              "outputs": [ {
                                                                                        "address": 24656,
                                                                             "address_identifier": "FC3_FC3_FUEL_CON_L_A",
                                                                                    "description": "Fuel Consumption Left Engine",
                                                                                     "max_length": 10,
                                                                                         "suffix": "",
                                                                                           "type": "string"
                                                                         } ]
                                                     },
                                   "FC3_FUEL_CON_R": {
                                                             "category": "Engine",
                                                         "control_type": "display",
                                                          "description": "Fuel Consumption Right Engine",
                                                           "identifier": "FC3_FUEL_CON_R",
                                                               "inputs": [  ],
                                                              "outputs": [ {
                                                                                        "address": 24666,
                                                                             "address_identifier": "FC3_FC3_FUEL_CON_R_A",
                                                                                    "description": "Fuel Consumption Right Engine",
                                                                                     "max_length": 10,
                                                                                         "suffix": "",
                                                                                           "type": "string"
                                                                         } ]
                                                     },
                                   "FC3_HYDPRESS_L": {
                                                             "category": "Engine",
                                                         "control_type": "display",
                                                          "description": "Hydraulic Pressure Left Engine",
                                                           "identifier": "FC3_HYDPRESS_L",
                                                               "inputs": [  ],
                                                              "outputs": [ {
                                                                                        "address": 24636,
                                                                             "address_identifier": "FC3_FC3_HYDPRESS_L_A",
                                                                                    "description": "Hydraulic Pressure Left Engine",
                                                                                     "max_length": 10,
                                                                                         "suffix": "",
                                                                                           "type": "string"
                                                                         } ]
                                                     },
                                   "FC3_HYDPRESS_R": {
                                                             "category": "Engine",
                                                         "control_type": "display",
                                                          "description": "Hydraulic Pressure Right Engine",
                                                           "identifier": "FC3_HYDPRESS_R",
                                                               "inputs": [  ],
                                                              "outputs": [ {
                                                                                        "address": 24646,
                                                                             "address_identifier": "FC3_FC3_HYDPRESS_R_A",
                                                                                    "description": "Hydraulic Pressure Right Engine",
                                                                                     "max_length": 10,
                                                                                         "suffix": "",
                                                                                           "type": "string"
                                                                         } ]
                                                     },
                                        "FC3_RPM_L": {
                                                             "category": "Engine",
                                                         "control_type": "display",
                                                          "description": "RPM Left Engine",
                                                           "identifier": "FC3_RPM_L",
                                                               "inputs": [  ],
                                                              "outputs": [ {
                                                                                        "address": 24620,
                                                                             "address_identifier": "FC3_FC3_RPM_L_A",
                                                                                    "description": "RPM Left Engine",
                                                                                     "max_length": 3,
                                                                                         "suffix": "",
                                                                                           "type": "string"
                                                                         } ]
                                                     },
                                        "FC3_RPM_R": {
                                                             "category": "Engine",
                                                         "control_type": "display",
                                                          "description": "RPM Right Engine",
                                                           "identifier": "FC3_RPM_R",
                                                               "inputs": [  ],
                                                              "outputs": [ {
                                                                                        "address": 24624,
                                                                             "address_identifier": "FC3_FC3_RPM_R_A",
                                                                                    "description": "RPM Right Engine",
                                                                                     "max_length": 3,
                                                                                         "suffix": "",
                                                                                           "type": "string"
                                                                         } ]
                                                     },
                                       "FC3_TEMP_L": {
                                                             "category": "Engine",
                                                         "control_type": "display",
                                                          "description": "Temperature Left Engine",
                                                           "identifier": "FC3_TEMP_L",
                                                               "inputs": [  ],
                                                              "outputs": [ {
                                                                                        "address": 24628,
                                                                             "address_identifier": "FC3_FC3_TEMP_L_A",
                                                                                    "description": "Temperature Left Engine",
                                                                                     "max_length": 4,
                                                                                         "suffix": "",
                                                                                           "type": "string"
                                                                         } ]
                                                     },
                                       "FC3_TEMP_R": {
                                                             "category": "Engine",
                                                         "control_type": "display",
                                                          "description": "Temperature Right Engine",
                                                           "identifier": "FC3_TEMP_R",
                                                               "inputs": [  ],
                                                              "outputs": [ {
                                                                                        "address": 24632,
                                                                             "address_identifier": "FC3_FC3_TEMP_R_A",
                                                                                    "description": "Temperature Right Engine",
                                                                                     "max_length": 4,
                                                                                         "suffix": "",
                                                                                           "type": "string"
                                                                         } ]
                                                     }
                               },
    "External Aircraft Model": {
                                    "EXT_POSITION_LIGHT_LEFT": {
                                                                       "category": "External Aircraft Model",
                                                                   "control_type": "metadata",
                                                                    "description": "Left Position Light (red)",
                                                                     "identifier": "EXT_POSITION_LIGHT_LEFT",
                                                                         "inputs": [  ],
                                                                        "outputs": [ {
                                                                                                             "address": 24622,
                                                                                             "address_mask_identifier": "FC3_EXT_POSITION_LIGHT_LEFT_AM",
                                                                                       "address_mask_shift_identifier": "FC3_EXT_POSITION_LIGHT_LEFT",
                                                                                                         "description": "Left Position Light (red)",
                                                                                                                "mask": 8192,
                                                                                                           "max_value": 1,
                                                                                                            "shift_by": 13,
                                                                                                              "suffix": "",
                                                                                                                "type": "integer"
                                                                                   } ]
                                                               },
                                   "EXT_POSITION_LIGHT_RIGHT": {
                                                                       "category": "External Aircraft Model",
                                                                   "control_type": "metadata",
                                                                    "description": "Right Position Light (green)",
                                                                     "identifier": "EXT_POSITION_LIGHT_RIGHT",
                                                                         "inputs": [  ],
                                                                        "outputs": [ {
                                                                                                             "address": 24622,
                                                                                             "address_mask_identifier": "FC3_EXT_POSITION_LIGHT_RIGHT_AM",
                                                                                       "address_mask_shift_identifier": "FC3_EXT_POSITION_LIGHT_RIGHT",
                                                                                                         "description": "Right Position Light (green)",
                                                                                                                "mask": 16384,
                                                                                                           "max_value": 1,
                                                                                                            "shift_by": 14,
                                                                                                              "suffix": "",
                                                                                                                "type": "integer"
                                                                                   } ]
                                                               },
                                       "EXT_SPEED_BRAKE_LEFT": {
                                                                       "category": "External Aircraft Model",
                                                                   "control_type": "metadata",
                                                                    "description": "Left Speed Brake",
                                                                     "identifier": "EXT_SPEED_BRAKE_LEFT",
                                                                         "inputs": [  ],
                                                                        "outputs": [ {
                                                                                                             "address": 24690,
                                                                                                  "address_identifier": "FC3_EXT_SPEED_BRAKE_LEFT_A",
                                                                                       "address_mask_shift_identifier": "FC3_EXT_SPEED_BRAKE_LEFT",
                                                                                                         "description": "Left Speed Brake",
                                                                                                                "mask": 65535,
                                                                                                           "max_value": 65535,
                                                                                                            "shift_by": 0,
                                                                                                              "suffix": "",
                                                                                                                "type": "integer"
                                                                                   } ]
                                                               },
                                      "EXT_SPEED_BRAKE_RIGHT": {
                                                                       "category": "External Aircraft Model",
                                                                   "control_type": "metadata",
                                                                    "description": "Right Speed Brake",
                                                                     "identifier": "EXT_SPEED_BRAKE_RIGHT",
                                                                         "inputs": [  ],
                                                                        "outputs": [ {
                                                                                                             "address": 24688,
                                                                                                  "address_identifier": "FC3_EXT_SPEED_BRAKE_RIGHT_A",
                                                                                       "address_mask_shift_identifier": "FC3_EXT_SPEED_BRAKE_RIGHT",
                                                                                                         "description": "Right Speed Brake",
                                                                                                                "mask": 65535,
                                                                                                           "max_value": 65535,
                                                                                                            "shift_by": 0,
                                                                                                              "suffix": "",
                                                                                                                "type": "integer"
                                                                                   } ]
                                                               },
                                                 "EXT_STROBE": {
                                                                       "category": "External Aircraft Model",
                                                                   "control_type": "metadata",
                                                                    "description": "Strobe Light",
                                                                     "identifier": "EXT_STROBE",
                                                                         "inputs": [  ],
                                                                        "outputs": [ {
                                                                                                             "address": 24622,
                                                                                             "address_mask_identifier": "FC3_EXT_STROBE_AM",
                                                                                       "address_mask_shift_identifier": "FC3_EXT_STROBE",
                                                                                                         "description": "Strobe Light",
                                                                                                                "mask": 32768,
                                                                                                           "max_value": 1,
                                                                                                            "shift_by": 15,
                                                                                                              "suffix": "",
                                                                                                                "type": "integer"
                                                                                   } ]
                                                               },
                                               "EXT_WOW_LEFT": {
                                                                       "category": "External Aircraft Model",
                                                                   "control_type": "metadata",
                                                                    "description": "Weight ON Wheels Left Gear",
                                                                     "identifier": "EXT_WOW_LEFT",
                                                                         "inputs": [  ],
                                                                        "outputs": [ {
                                                                                                             "address": 24626,
                                                                                             "address_mask_identifier": "FC3_EXT_WOW_LEFT_AM",
                                                                                       "address_mask_shift_identifier": "FC3_EXT_WOW_LEFT",
                                                                                                         "description": "Weight ON Wheels Left Gear",
                                                                                                                "mask": 32768,
                                                                                                           "max_value": 1,
                                                                                                            "shift_by": 15,
                                                                                                              "suffix": "",
                                                                                                                "type": "integer"
                                                                                   } ]
                                                               },
                                               "EXT_WOW_NOSE": {
                                                                       "category": "External Aircraft Model",
                                                                   "control_type": "metadata",
                                                                    "description": "Weight ON Wheels Nose Gear",
                                                                     "identifier": "EXT_WOW_NOSE",
                                                                         "inputs": [  ],
                                                                        "outputs": [ {
                                                                                                             "address": 24626,
                                                                                             "address_mask_identifier": "FC3_EXT_WOW_NOSE_AM",
                                                                                       "address_mask_shift_identifier": "FC3_EXT_WOW_NOSE",
                                                                                                         "description": "Weight ON Wheels Nose Gear",
                                                                                                                "mask": 8192,
                                                                                                           "max_value": 1,
                                                                                                            "shift_by": 13,
                                                                                                              "suffix": "",
                                                                                                                "type": "integer"
                                                                                   } ]
                                                               },
                                              "EXT_WOW_RIGHT": {
                                                                       "category": "External Aircraft Model",
                                                                   "control_type": "metadata",
                                                                    "description": "Weight ON Wheels Right Gear",
                                                                     "identifier": "EXT_WOW_RIGHT",
                                                                         "inputs": [  ],
                                                                        "outputs": [ {
                                                                                                             "address": 24626,
                                                                                             "address_mask_identifier": "FC3_EXT_WOW_RIGHT_AM",
                                                                                       "address_mask_shift_identifier": "FC3_EXT_WOW_RIGHT",
                                                                                                         "description": "Weight ON Wheels Right Gear",
                                                                                                                "mask": 16384,
                                                                                                           "max_value": 1,
                                                                                                            "shift_by": 14,
                                                                                                              "suffix": "",
                                                                                                                "type": "integer"
                                                                                   } ]
                                                               }
                               },
                      "Float": {
                                             "FC3_ADI_BANK": {
                                                                     "category": "Float",
                                                                 "control_type": "metadata",
                                                                  "description": "ADI Bank",
                                                                   "identifier": "FC3_ADI_BANK",
                                                                       "inputs": [  ],
                                                                      "outputs": [ {
                                                                                                           "address": 24678,
                                                                                     "address_mask_shift_identifier": "FC3_FC3_ADI_BANK",
                                                                                                       "description": "ADI Bank",
                                                                                                              "mask": 65280,
                                                                                                         "max_value": 255,
                                                                                                          "shift_by": 8,
                                                                                                            "suffix": "",
                                                                                                              "type": "integer"
                                                                                 } ]
                                                             },
                                            "FC3_ADI_PITCH": {
                                                                     "category": "Float",
                                                                 "control_type": "metadata",
                                                                  "description": "ADI Pitch",
                                                                   "identifier": "FC3_ADI_PITCH",
                                                                       "inputs": [  ],
                                                                      "outputs": [ {
                                                                                                           "address": 24682,
                                                                                     "address_mask_shift_identifier": "FC3_FC3_ADI_PITCH",
                                                                                                       "description": "ADI Pitch",
                                                                                                              "mask": 65280,
                                                                                                         "max_value": 255,
                                                                                                          "shift_by": 8,
                                                                                                            "suffix": "",
                                                                                                              "type": "integer"
                                                                                 } ]
                                                             },
                                              "FC3_ADI_YAW": {
                                                                     "category": "Float",
                                                                 "control_type": "metadata",
                                                                  "description": "ADI Yaw",
                                                                   "identifier": "FC3_ADI_YAW",
                                                                       "inputs": [  ],
                                                                      "outputs": [ {
                                                                                                           "address": 24684,
                                                                                     "address_mask_shift_identifier": "FC3_FC3_ADI_YAW",
                                                                                                       "description": "ADI Yaw",
                                                                                                              "mask": 255,
                                                                                                         "max_value": 255,
                                                                                                          "shift_by": 0,
                                                                                                            "suffix": "",
                                                                                                              "type": "integer"
                                                                                 } ]
                                                             },
                                      "FC3_GLIDE_DEVIATION": {
                                                                     "category": "Float",
                                                                 "control_type": "metadata",
                                                                  "description": "Glide Deviation",
                                                                   "identifier": "FC3_GLIDE_DEVIATION",
                                                                       "inputs": [  ],
                                                                      "outputs": [ {
                                                                                                           "address": 24684,
                                                                                     "address_mask_shift_identifier": "FC3_FC3_GLIDE_DEVIATION",
                                                                                                       "description": "Glide Deviation",
                                                                                                              "mask": 65280,
                                                                                                         "max_value": 255,
                                                                                                          "shift_by": 8,
                                                                                                            "suffix": "",
                                                                                                              "type": "integer"
                                                                                 } ]
                                                             },
                                       "FC3_SIDE_DEVIATION": {
                                                                     "category": "Float",
                                                                 "control_type": "metadata",
                                                                  "description": "Side Deviation",
                                                                   "identifier": "FC3_SIDE_DEVIATION",
                                                                       "inputs": [  ],
                                                                      "outputs": [ {
                                                                                                           "address": 24686,
                                                                                     "address_mask_shift_identifier": "FC3_FC3_SIDE_DEVIATION",
                                                                                                       "description": "Side Deviation",
                                                                                                              "mask": 255,
                                                                                                         "max_value": 255,
                                                                                                          "shift_by": 0,
                                                                                                            "suffix": "",
                                                                                                              "type": "integer"
                                                                                 } ]
                                                             },
                                   "FC3_SLIP_BALL_POSITION": {
                                                                     "category": "Float",
                                                                 "control_type": "metadata",
                                                                  "description": "Slip Ball Position",
                                                                   "identifier": "FC3_SLIP_BALL_POSITION",
                                                                       "inputs": [  ],
                                                                      "outputs": [ {
                                                                                                           "address": 24686,
                                                                                     "address_mask_shift_identifier": "FC3_FC3_SLIP_BALL_POSITION",
                                                                                                       "description": "Slip Ball Position",
                                                                                                              "mask": 65280,
                                                                                                         "max_value": 255,
                                                                                                          "shift_by": 8,
                                                                                                            "suffix": "",
                                                                                                              "type": "integer"
                                                                                 } ]
                                                             }
                               },
                 "Mechanical": {
                                   "FC3_GEAR": {
                                                       "category": "Mechanical",
                                                   "control_type": "metadata",
                                                    "description": "Gear Status",
                                                     "identifier": "FC3_GEAR",
                                                         "inputs": [  ],
                                                        "outputs": [ {
                                                                                             "address": 24602,
                                                                             "address_mask_identifier": "FC3_FC3_GEAR_AM",
                                                                       "address_mask_shift_identifier": "FC3_FC3_GEAR",
                                                                                         "description": "Gear Status",
                                                                                                "mask": 1024,
                                                                                           "max_value": 1,
                                                                                            "shift_by": 10,
                                                                                              "suffix": "",
                                                                                                "type": "integer"
                                                                   } ]
                                               }
                               },
                      "Speed": {
                                   "FC3_INDICATED_AIRSPEED": {
                                                                     "category": "Speed",
                                                                 "control_type": "display",
                                                                  "description": "Indicated Airspeed",
                                                                   "identifier": "FC3_INDICATED_AIRSPEED",
                                                                       "inputs": [  ],
                                                                      "outputs": [ {
                                                                                                "address": 24604,
                                                                                     "address_identifier": "FC3_FC3_INDICATED_AIRSPEED_A",
                                                                                            "description": "Indicated Airspeed",
                                                                                             "max_length": 4,
                                                                                                 "suffix": "",
                                                                                                   "type": "string"
                                                                                 } ]
                                                             },
                                          "FC3_MACH_NUMBER": {
                                                                     "category": "Speed",
                                                                 "control_type": "display",
                                                                  "description": "Mach Number",
                                                                   "identifier": "FC3_MACH_NUMBER",
                                                                       "inputs": [  ],
                                                                      "outputs": [ {
                                                                                                "address": 24608,
                                                                                     "address_identifier": "FC3_FC3_MACH_NUMBER_A",
                                                                                            "description": "Mach Number",
                                                                                             "max_length": 4,
                                                                                                 "suffix": "",
                                                                                                   "type": "string"
                                                                                 } ]
                                                             },
                                        "FC3_TRUE_AIRSPEED": {
                                                                     "category": "Speed",
                                                                 "control_type": "display",
                                                                  "description": "True Airspeed",
                                                                   "identifier": "FC3_TRUE_AIRSPEED",
                                                                       "inputs": [  ],
                                                                      "outputs": [ {
                                                                                                "address": 24612,
                                                                                     "address_identifier": "FC3_FC3_TRUE_AIRSPEED_A",
                                                                                            "description": "True Airspeed",
                                                                                             "max_length": 4,
                                                                                                 "suffix": "",
                                                                                                   "type": "string"
                                                                                 } ]
                                                             },
                                    "FC3_VERTICAL_VELOCITY": {
                                                                     "category": "Speed",
                                                                 "control_type": "display",
                                                                  "description": "Vertical Velocity",
                                                                   "identifier": "FC3_VERTICAL_VELOCITY",
                                                                       "inputs": [  ],
                                                                      "outputs": [ {
                                                                                                "address": 24616,
                                                                                     "address_identifier": "FC3_FC3_VERTICAL_VELOCITY_A",
                                                                                            "description": "Vertical Velocity",
                                                                                             "max_length": 4,
                                                                                                 "suffix": "",
                                                                                                   "type": "string"
                                                                                 } ]
                                                             }
                               },
                     "String": {
                                   "FC3_ANGLE_OF_ATTACK": {
                                                                  "category": "String",
                                                              "control_type": "display",
                                                               "description": "Angle of Attack",
                                                                "identifier": "FC3_ANGLE_OF_ATTACK",
                                                                    "inputs": [  ],
                                                                   "outputs": [ {
                                                                                             "address": 24594,
                                                                                  "address_identifier": "FC3_FC3_ANGLE_OF_ATTACK_A",
                                                                                         "description": "Angle of Attack",
                                                                                          "max_length": 4,
                                                                                              "suffix": "",
                                                                                                "type": "string"
                                                                              } ]
                                                          }
                               }
}