{"DCS":[{"key":"A","value":0},{"key":"B","value":1},{"key":"C","value":2},{"key":"D","value":3},{"key":"E","value":4},{"key":"F","value":5},{"key":"G","value":6},{"key":"H","value":7},{"key":"I","value":8},{"key":"J","value":9},{"key":"K","value":10},{"key":"L","value":11},{"key":"M","value":12},{"key":"N","value":13},{"key":"O","value":14},{"key":"P","value":15},{"key":"Q","value":16},{"key":"R","value":17},{"key":"S","value":18},{"key":"T","value":19},{"key":"U","value":20},{"key":"V","value":21},{"key":"W","value":22},{"key":"X","value":23},{"key":"Y","value":24},{"key":"Z","value":25},{"key":"1","value":26},{"key":"2","value":27},{"key":"3","value":28},{"key":"4","value":29},{"key":"5","value":30},{"key":"6","value":31},{"key":"7","value":32},{"key":"8","value":33},{"key":"9","value":34},{"key":"0","value":35},{"key":"a","value":36},{"key":"(","value":37},{"key":")","value":38},{"key":"<","value":39},{"key":">","value":40},{"key":"[","value":41},{"key":"]","value":42},{"key":"+","value":43},{"key":"-","value":44},{"key":"*","value":45},{"key":"/","value":46},{"key":"=","value":47},{"key":"o","value":48},{"key":"|","value":49},{"key":"d","value":50},{"key":"u","value":51},{"key":".","value":52},{"key":",","value":53},{"key":"!","value":54},{"key":"?","value":55},{"key":":","value":56},{"key":";","value":57},{"key":"&","value":58},{"key":"_","value":59},{"key":"'","value":60},{"key":"\"","value":61},{"key":"%","value":62},{"key":"#","value":63},{"key":"@","value":64},{"key":" ","value":65}],"BMS":[{"key":"A","value":0},{"key":"B","value":1},{"key":"C","value":2},{"key":"D","value":3},{"key":"E","value":4},{"key":"F","value":5},{"key":"G","value":6},{"key":"H","value":7},{"key":"I","value":8},{"key":"J","value":9},{"key":"K","value":10},{"key":"L","value":11},{"key":"M","value":12},{"key":"N","value":13},{"key":"O","value":14},{"key":"P","value":15},{"key":"Q","value":16},{"key":"R","value":17},{"key":"S","value":18},{"key":"T","value":19},{"key":"U","value":20},{"key":"V","value":21},{"key":"W","value":22},{"key":"X","value":23},{"key":"Y","value":24},{"key":"Z","value":25},{"key":"1","value":26},{"key":"2","value":27},{"key":"3","value":28},{"key":"4","value":29},{"key":"5","value":30},{"key":"6","value":31},{"key":"7","value":32},{"key":"8","value":33},{"key":"9","value":34},{"key":"0","value":35},{"key":1,"value":36},{"key":"(","value":37},{"key":")","value":38},{"key":"<","value":39},{"key":">","value":40},{"key":"[","value":41},{"key":"]","value":42},{"key":"+","value":43},{"key":"-","value":44},{"key":2,"value":45},{"key":"*","value":45},{"key":"/","value":46},{"key":"=","value":47},{"key":94,"value":48},{"key":"|","value":49},{"key":"d","value":50},{"key":"u","value":51},{"key":".","value":52},{"key":",","value":53},{"key":"!","value":54},{"key":"?","value":55},{"key":":","value":56},{"key":";","value":57},{"key":"&","value":58},{"key":"_","value":59},{"key":"'","value":60},{"key":"\"","value":61},{"key":"%","value":62},{"key":"#","value":63},{"key":"@","value":64},{"key":" ","value":65}]}
  